{
    "prepare_queue": {
        "installed": [],
        "uninstalled": []
    },
    "config_munge": {
        "files": {
            "res/xml/config.xml": {
                "parents": {
                    "/*": [
                        {
                            "xml": "<feature name=\"Notification\"><param name=\"android-package\" value=\"org.apache.cordova.dialogs.Notification\" /></feature>",
                            "count": 1
                        },
                        {
                            "xml": "<feature name=\"StatusBar\"><param name=\"android-package\" value=\"org.apache.cordova.statusbar.StatusBar\" /><param name=\"onload\" value=\"true\" /></feature>",
                            "count": 1
                        },
                        {
                            "xml": "<feature name=\"Whitelist\"><param name=\"android-package\" value=\"org.apache.cordova.whitelist.WhitelistPlugin\" /><param name=\"onload\" value=\"true\" /></feature>",
                            "count": 1
                        },
                        {
                            "xml": "<feature name=\"PushNotification\"><param name=\"android-package\" value=\"com.adobe.phonegap.push.PushPlugin\" /></feature>",
                            "count": 1
                        },
                        {
                            "xml": "<feature name=\"PushPlugin\"><param name=\"android-package\" value=\"com.plugin.gcm.PushPlugin\" /></feature>",
                            "count": 1
                        }
                    ]
                }
            },
            "res/values/strings.xml": {
                "parents": {
                    "/resources": [
                        {
                            "xml": "<string name=\"google_app_id\">XXXXXXX</string>",
                            "count": 1
                        }
                    ]
                }
            },
            "AndroidManifest.xml": {
                "parents": {
                    "/manifest": [
                        {
                            "xml": "<uses-permission android:name=\"android.permission.INTERNET\" />",
                            "count": 1
                        },
                        {
                            "xml": "<uses-permission android:name=\"android.permission.ACCESS_NETWORK_STATE\" />",
                            "count": 2
                        },
                        {
                            "xml": "<uses-permission android:name=\"android.permission.WAKE_LOCK\" />",
                            "count": 2
                        },
                        {
                            "xml": "<uses-permission android:name=\"android.permission.VIBRATE\" />",
                            "count": 2
                        },
                        {
                            "xml": "<uses-permission android:name=\"com.google.android.c2dm.permission.RECEIVE\" />",
                            "count": 2
                        },
                        {
                            "xml": "<uses-permission android:name=\"${applicationId}.permission.C2D_MESSAGE\" />",
                            "count": 1
                        },
                        {
                            "xml": "<permission android:name=\"${applicationId}.permission.C2D_MESSAGE\" android:protectionLevel=\"signature\" />",
                            "count": 1
                        },
                        {
                            "xml": "<uses-permission android:name=\"android.permission.GET_ACCOUNTS\" />",
                            "count": 1
                        },
                        {
                            "xml": "<permission android:name=\"com.phonegap.helloworld.permission.C2D_MESSAGE\" android:protectionLevel=\"signature\" />",
                            "count": 1
                        },
                        {
                            "xml": "<uses-permission android:name=\"com.phonegap.helloworld.permission.C2D_MESSAGE\" />",
                            "count": 1
                        }
                    ],
                    "/manifest/application": [
                        {
                            "xml": "<activity android:exported=\"true\" android:name=\"com.adobe.phonegap.push.PushHandlerActivity\" />",
                            "count": 1
                        },
                        {
                            "xml": "<receiver android:name=\"com.adobe.phonegap.push.BackgroundActionButtonHandler\" />",
                            "count": 1
                        },
                        {
                            "xml": "<receiver android:exported=\"true\" android:name=\"com.google.android.gms.gcm.GcmReceiver\" android:permission=\"com.google.android.c2dm.permission.SEND\"><intent-filter><action android:name=\"com.google.android.c2dm.intent.RECEIVE\" /><category android:name=\"${applicationId}\" /></intent-filter></receiver>",
                            "count": 1
                        },
                        {
                            "xml": "<service android:exported=\"false\" android:name=\"com.adobe.phonegap.push.GCMIntentService\"><intent-filter><action android:name=\"com.google.android.c2dm.intent.RECEIVE\" /></intent-filter></service>",
                            "count": 1
                        },
                        {
                            "xml": "<service android:exported=\"false\" android:name=\"com.adobe.phonegap.push.PushInstanceIDListenerService\"><intent-filter><action android:name=\"com.google.android.gms.iid.InstanceID\" /></intent-filter></service>",
                            "count": 1
                        },
                        {
                            "xml": "<service android:exported=\"false\" android:name=\"com.adobe.phonegap.push.RegistrationIntentService\" />",
                            "count": 1
                        },
                        {
                            "xml": "<activity android:exported=\"true\" android:name=\"com.plugin.gcm.PushHandlerActivity\" />",
                            "count": 1
                        },
                        {
                            "xml": "<receiver android:name=\"com.plugin.gcm.CordovaGCMBroadcastReceiver\" android:permission=\"com.google.android.c2dm.permission.SEND\"><intent-filter><action android:name=\"com.google.android.c2dm.intent.RECEIVE\" /><action android:name=\"com.google.android.c2dm.intent.REGISTRATION\" /><category android:name=\"com.phonegap.helloworld\" /></intent-filter></receiver>",
                            "count": 1
                        },
                        {
                            "xml": "<service android:name=\"com.plugin.gcm.GCMIntentService\" />",
                            "count": 1
                        }
                    ]
                }
            }
        }
    },
    "installed_plugins": {
        "cordova-plugin-console": {
            "PACKAGE_NAME": "com.phonegap.helloworld"
        },
        "cordova-plugin-dialogs": {
            "PACKAGE_NAME": "com.phonegap.helloworld"
        },
        "cordova-plugin-statusbar": {
            "PACKAGE_NAME": "com.phonegap.helloworld"
        },
        "cordova-plugin-whitelist": {
            "PACKAGE_NAME": "com.phonegap.helloworld"
        },
        "phonegap-plugin-push": {
            "SENDER_ID": "XXXXXXX",
            "PACKAGE_NAME": "com.phonegap.helloworld"
        },
        "com.phonegap.plugins.PushPlugin": {
            "PACKAGE_NAME": "com.phonegap.helloworld"
        }
    },
    "dependent_plugins": {},
    "modules": [
        {
            "file": "plugins/cordova-plugin-dialogs/www/notification.js",
            "id": "cordova-plugin-dialogs.notification",
            "merges": [
                "navigator.notification"
            ]
        },
        {
            "file": "plugins/cordova-plugin-dialogs/www/android/notification.js",
            "id": "cordova-plugin-dialogs.notification_android",
            "merges": [
                "navigator.notification"
            ]
        },
        {
            "file": "plugins/cordova-plugin-statusbar/www/statusbar.js",
            "id": "cordova-plugin-statusbar.statusbar",
            "clobbers": [
                "window.StatusBar"
            ]
        },
        {
            "file": "plugins/phonegap-plugin-push/www/push.js",
            "id": "phonegap-plugin-push.PushNotification",
            "clobbers": [
                "PushNotification"
            ]
        },
        {
            "file": "plugins/com.phonegap.plugins.PushPlugin/www/PushNotification.js",
            "id": "com.phonegap.plugins.PushPlugin.PushNotification",
            "clobbers": [
                "PushNotification"
            ]
        }
    ],
    "plugin_metadata": {
        "cordova-plugin-console": "1.0.4",
        "cordova-plugin-dialogs": "1.2.1",
        "cordova-plugin-statusbar": "2.1.3",
        "cordova-plugin-whitelist": "1.2.2",
        "phonegap-plugin-push": "1.8.2",
        "com.phonegap.plugins.PushPlugin": "2.5.0"
    }
}